{
  "IcoMoonType": "selection",
  "icons": [
    {
      "icon": {
        "paths": [
          "M576 706.612v-52.78c70.498-39.728 128-138.772 128-237.832 0-159.058 0-288-192-288s-192 128.942-192 288c0 99.060 57.502 198.104 128 237.832v52.78c-217.102 17.748-384 124.42-384 253.388h896c0-128.968-166.898-235.64-384-253.388z"
        ],
        "tags": [
          "user",
          "profile",
          "avatar",
          "person",
          "member"
        ],
        "defaultCode": 59761,
        "grid": 16,
        "attrs": []
      },
      "attrs": [],
      "properties": {
        "ligatures": "user, profile2",
        "name": "user",
        "order": 5,
        "id": 114,
        "prevSize": 32
      },
      "setIdx": 0,
      "setId": 1,
      "iconIdx": 113
    },
    {
      "icon": {
        "paths": [
          "M128 320v640c0 35.2 28.8 64 64 64h576c35.2 0 64-28.8 64-64v-640h-704zM320 896h-64v-448h64v448zM448 896h-64v-448h64v448zM576 896h-64v-448h64v448zM704 896h-64v-448h64v448z",
          "M848 128h-208v-80c0-26.4-21.6-48-48-48h-224c-26.4 0-48 21.6-48 48v80h-208c-26.4 0-48 21.6-48 48v80h832v-80c0-26.4-21.6-48-48-48zM576 128h-192v-63.198h192v63.198z"
        ],
        "tags": [
          "bin",
          "trashcan",
          "remove",
          "delete",
          "recycle",
          "dispose"
        ],
        "defaultCode": 59820,
        "grid": 16,
        "attrs": []
      },
      "attrs": [],
      "properties": {
        "ligatures": "bin, trashcan",
        "name": "bin",
        "order": 4,
        "id": 173,
        "prevSize": 32
      },
      "setIdx": 0,
      "setId": 1,
      "iconIdx": 172
    },
    {
      "icon": {
        "paths": [
          "M1014.662 822.66c-0.004-0.004-0.008-0.008-0.012-0.010l-310.644-310.65 310.644-310.65c0.004-0.004 0.008-0.006 0.012-0.010 3.344-3.346 5.762-7.254 7.312-11.416 4.246-11.376 1.824-24.682-7.324-33.83l-146.746-146.746c-9.148-9.146-22.45-11.566-33.828-7.32-4.16 1.55-8.070 3.968-11.418 7.31 0 0.004-0.004 0.006-0.008 0.010l-310.648 310.652-310.648-310.65c-0.004-0.004-0.006-0.006-0.010-0.010-3.346-3.342-7.254-5.76-11.414-7.31-11.38-4.248-24.682-1.826-33.83 7.32l-146.748 146.748c-9.148 9.148-11.568 22.452-7.322 33.828 1.552 4.16 3.97 8.072 7.312 11.416 0.004 0.002 0.006 0.006 0.010 0.010l310.65 310.648-310.65 310.652c-0.002 0.004-0.006 0.006-0.008 0.010-3.342 3.346-5.76 7.254-7.314 11.414-4.248 11.376-1.826 24.682 7.322 33.83l146.748 146.746c9.15 9.148 22.452 11.568 33.83 7.322 4.16-1.552 8.070-3.97 11.416-7.312 0.002-0.004 0.006-0.006 0.010-0.010l310.648-310.65 310.648 310.65c0.004 0.002 0.008 0.006 0.012 0.008 3.348 3.344 7.254 5.762 11.414 7.314 11.378 4.246 24.684 1.826 33.828-7.322l146.746-146.748c9.148-9.148 11.57-22.454 7.324-33.83-1.552-4.16-3.97-8.068-7.314-11.414z"
        ],
        "tags": [
          "cross",
          "cancel",
          "close",
          "quit",
          "remove"
        ],
        "defaultCode": 59919,
        "grid": 16,
        "attrs": []
      },
      "attrs": [],
      "properties": {
        "ligatures": "cross, cancel",
        "name": "cross",
        "order": 3,
        "id": 272,
        "prevSize": 32
      },
      "setIdx": 0,
      "setId": 1,
      "iconIdx": 271
    },
    {
      "icon": {
        "paths": [
          "M864 128l-480 480-224-224-160 160 384 384 640-640z"
        ],
        "tags": [
          "checkmark",
          "tick",
          "correct",
          "accept",
          "ok"
        ],
        "defaultCode": 59920,
        "grid": 16,
        "attrs": []
      },
      "attrs": [],
      "properties": {
        "ligatures": "checkmark, tick",
        "name": "checkmark",
        "order": 2,
        "id": 273,
        "prevSize": 32
      },
      "setIdx": 0,
      "setId": 1,
      "iconIdx": 272
    }
  ],
  "height": 1024,
  "preferences": {
    "showGlyphs": true,
    "showQuickUse": true,
    "showQuickUse2": true,
    "showSVGs": true,
    "fontPref": {
      "prefix": "icon-",
      "metadata": {
        "fontFamily": "icomoon"
      },
      "metrics": {
        "emSize": 1024,
        "baseline": 6.25,
        "whitespace": 50
      },
      "embed": false
    },
    "imagePref": {
      "prefix": "icon-",
      "png": true,
      "useClassSelector": true,
      "color": 0,
      "bgColor": 16777215,
      "classSelector": ".icon",
      "name": "icomoon"
    },
    "historySize": 50,
    "showCodes": true,
    "gridSize": 16
  }
}